{
  "volvo": {
    "count": 1,
    "mean_power": {
      "mean": 8.495770212765958,
      "std": 0.0
    },
    "p25_power": {
      "mean": 8.553374999999999,
      "std": 0.0
    },
    "cv_stability": {
      "mean": 0.07352619464773386,
      "std": 0.0
    }
  },
  "equinox": {
    "count": 1,
    "mean_power": {
      "mean": 9.006980952380953,
      "std": 0.0
    },
    "p25_power": {
      "mean": 9.004674999999999,
      "std": 0.0
    },
    "cv_stability": {
      "mean": 0.013756344004247714,
      "std": 0.0
    }
  }
}